"","Std.ED.Dispo","ESI_Group","n","mean","med","mode","std.dev"
"1","Admitted","ESI 1-2",1444,12.8905817174515,6,1,18.8999391682162
"2","Admitted","ESI 3",1694,32.4722550177096,14,1,39.1909782944069
"3","Admitted","ESI 4-5",31,46.4193548387097,27,7,45.4648393036116
"4","Discharged","ESI 1-2",2492,14.0437399678973,6,1,20.3443087908644
"5","Discharged","ESI 3",9233,38.3669446550417,24,3,39.884243781555
"6","Discharged","ESI 4-5",4386,36.5663474692202,25,4,34.268492474647
